GM Extended Core and X-Drums Generic,General MIDI Level 1 Percussion Key Map,MIDI,Note,EZD Pop/Rock,EZX Cocktail,EZX Vintage Rock,EZX Latin Percussion,EZX Drumkit From Hell,EZX Nashville,EZX Claustrophobic,EZX Twisted Kit,EZX Funkmasters (Clyde & Jab'o),EZX Jazz,EZX Electronic,EZX Metalheads,EZX The Classic,EZX Number 1 Hits,EZX Americana,SD2 Avatar,SDX Allaire,SDX Hit Factory,SDX Metal Foundry,SDX Custom & Vintage,SDX Joe Barresi Evil Drums,SDX Music City USA,SDX Jazz {unreleased}
[X-Snare] Sidestick,,G,127,[Snare] Sidestick,[Snare] *Sidestick,[Snare] Sidestick,[Shekere] Shakings,[Snare] Sidestick,[Snare] Sidestick,[Shaker] Crescendo,[Rattles] Crescendo,[Snare] Sidestick,[Snare] *Full Circle,[Rim] Rim,[Snare] Sidestick,[Snare] Sidestick,[Shaker] Shake,[Snare] Sidestick,[Snare] Sidestick,[Snare] Sidestick,[Snare] Sidestick,[Snare] Sidestick,[Snare] Sidestick,[Snare] Sidestick,[Snare] *Full Circle,
[X-Snare] Rimshot,,F#,126,[Snare] Rimshot,[Snare] *Rimshot,[Snare] Rimshot,[Shekere] On Beat,[Snare] Rimshot,[Snare] Rimshot,[Shaker] On Beat,[Rattles] On Beat,[Snare] Rimshot,[Snare] *Half Circle,[Snare0] Snare,[Snare] Rimshot,[Snare] Rimshot,[Shaker] Shake,[Snare] Rimshot,[Snare] Rimshot,[Snare] Rimshot,[Snare] Rimshot,[Snare] Rimshot,[Snare] Rimshot,[Snare] Rimshot,[Snare] *Half Circle,
[X-Snare] Head,,F,125,[Snare] Right,[Snare] Right,[Snare] Right,[Shekere] Off Beat,[Snare] Right,[Snare] Right,[Shaker] Off Beat,[Rattles] Off Beat,[Snare] Right,[Snare] *Short Drag,[Snare] Snare,[Snare] Right,[Snare] Right,[Shaker] Shake,[Snare] Left,[Snare] Center,[Snare] Center,[Snare] Center,[Snare] Center,[Snare] Center,[Snare] Center,[Snare] *Short Drag,
[X-Hats] Open,,E,124,[Hats] Open 3,[Hats] Open 3,[Hats] Open 3,[Shekere] Beat,[Hats] Open 3,[Hats] Open 3,[Cabasa] *Long,[Body] Card On Beat,[Hats] Open 3,[Hats] Open 3,[Hats 4] Hats,[Hats] Open 3,[Hats] Open 3,[Hats 2] MuteGroup,[Hats] Open 3,[Hats] Open 3,[Hats] Open 3,[Hats] Open 3,[Hats] Open 3,[Hats] Open 3,[Hats] Open 3,[Hats] Open 3,
[X-Hats] 1/2 Open,,Eb,123,[Hats] Open 1,[Hats] Open 1,[Hats] Open 1,[Crickets] Crescendo,[Hats] Open 1,[Hats] Open 1,[Cabasa] Short,[Body] Card Off Beat,[Hats] Open 1,[Hats] Open 1,[Hats 3] Hats,[Hats] Open 2,[Hats] Open 1,[Hats 2] MuteGroup,[Hats] Open 1,[Hats] Open 1,[Hats] Open 1,[Hats] Open 1,[Hats] Open 1,[Hats] Open 1,[Hats] Open 1,[Hats] Open 1,
[X-Hats] Closed,,D,122,[Hats] Closed,[Hats] Closed,[Hats] Closed,[Cymbal 2] Crescendo,[Hats] Closed,[Hats] Closed,[Chimes] Up,[Hand Drums] Muted,[Hats] Closed,[Hats] Closed,[Hats 1] Hats,[Hats] Closed,[Hats] Closed,[Hats 1] MuteGroup,[Hats] Closed Edge,[Hats] Closed Edge,[Hats] Closed Edge,[Hats] Closed Edge,[Hats] Closed Edge,[Hats] Closed,[Hats] Closed Edge,[Hats] Closed Edge,
,,C#,121,[Hats] Open 3,[Hats] Open 3,[Hats] Open Bell,[Waterfall] Crescendo,[Hats] Open 3,[Hats] Open Bell 2,[Chimes] Down,[Hand Drums] Open,[Hats] Bell Open 2,[Hats] Bell Open 2,[Hats 4] Hats,[Hats] Open 2,[Hats] Open 5,[Hats 2] MuteGroup,[Hats] Bell Open 2,[Hats] Open Bell 2,[Hats] Bell Open2,[Hats] Open Tip 3,[Hats] *Bell Open 2,[Hats] Open Bell,[Hats] Open Tip 3,[Hats] Open Bell 2,
,,C,120,[Hats] Open 2,[Hats] Open 1,[Hats] Open Bell,[Cymbal 1] *Crescendo,[Hats] Open 1,[Hats] Open Bell 1,[Bells] Bell,[Clangers 1] Open,[Hats] Bell Open 1,[Hats] Bell Open 1,[Hats 3] Hats,[Hats] Open 1,[Hats] Open Pedal,[Hats 2] MuteGroup,[Hats] Bell Open 1,[Hats] Open Bell 1,[Hats] Bell Open1,[Hats] Open Tip 1,[Hats] *Bell Open 1,[Hats] Open Bell,[Hats] Open Tip 1,[Hats] Open Bell 1,
,,B,119,[Hats] Closed Tip,[Hats] Closed,[Hats] Open Bell,[Bells] Crescendo,[Hats] Closed,[Hats] Closed Bell,[Triangle] Long,[Clangers 1] Muted,[Hats] Bell Closed,[Hats] Bell Closed,[Hats 1] Hats,[Hats] Closed Tip,[Hats] Open 0,[Hats 1] MuteGroup,[Hats] Bell Closed,[Hats] Closed Bell,[Hats] Bell Closed,[Hats] Closed Tip,[Hats] *Bell Closed,[Hats] Open Bell,[Hats] Closed Tip,[Hats] Closed Bell,
[X-Ride] Edge,,Bb,118,[Crash B] Mute,[Ride] Punch,[Crash B] *Mute,[Conga 2] Flams,[Crash B] Mute,[China] *Mute,[Triangle] Short,[Clangers 1] Open,[Ride] Mute,[Ride] Mute,[Crash 1] Crash,[Cymbal 6] Mute,[Ride] Mute,[Crash 2] Crash,[Ride] Mute,[Cymbal 6] *Mute,[Cymbal 3] Mute,[Cymbal 6] Mute,[Ride 2] *Mute,[Cymbal 4] Mute,[Cymbal 2] *Crescendo,[Crash B] Mute,
[X-Ride] Bell,,A,117,[Ride] Ride,[Ride] Ride,[Ride] FX,[Conga 2] Crescendo,[China 1] Ride,[Ride] Ride,[Tambourine 2] Crescendo,[Clangers 1] Hand,[Ride] Ride,[Ride] Bell Tip,[Crash 2] Crash,[Ride] Bell,[Ride] Bell Tip,[Ride] Ride,[Ride] Bell Tip,[Ride 4] *Ride,[Ride] Bell,[Ride 1] Ride,[Ride 2] *Bell Tip,[Ride 2] *Bell,[Ride] *Bell Tip,[Ride] Bell,
[X-Ride] Bow,,Ab,116,[Ride] Ride,[Ride] Ride,[Ride] Crescendo,[Conga 2] Right BassTone,[Crash Ride 2] Ride,[Ride] Ride,[Tambourine 2] On Beat,[Clappers] Off Beat,[Ride] Ride,[Ride] Ride Shank,[Crash 2] Crash,[Ride] Ride,[Ride] Ride Shank,[Ride] Ride,[Ride] Ride Shank,[Ride 4] *Ride,[Ride] Ride Shank,[Ride 1] Ride,[Ride 2] *Ride Shank,[Ride 2] *Crescendo,[Ride] *Ride Shank,[Ride] Ride,
,,G,115,[Ride] Punch,[Ride] Punch,[Ride] Punch,[Conga 2] Left BassTone,[Crash Ride 2] Punch,[Ride] Punch,[Tambourine 2] Off Beat,[Clappers] On Beat,[Ride] Crash,[Ride] Crash,[Crash 2] Crash,[Ride] *Edge,[Ride] Edge,[Ride] Ride,[Ride] Edge,[Ride 4] *Edge,[Ride] Edge,[Ride 1] Edge,[Ride 2] *Edge,[Ride 2] *Punch,[Ride] Ride Tip,[Ride] Edge,
,,F#,114,[Ride] Bell,[Ride] Bell,[Ride] Bell,[Conga 2] Right Muted,[Crash Ride 2] Bell,[Ride] Bell,[Tambourine 1] Hit,[Clappers] Hit,[Ride] Bell,[Ride] Bell Shank,[Crash 2] Crash,[Ride] Bell,[Ride] Bell Shank,[Ride] Ride,[Ride] Bell Shank,[Ride 4] *Bell,[Ride] Bell,[Ride 1] Bell,[Ride 2] *Bell Shank,[Ride 2] *Bell,[Ride] Bell Shank,[Ride] Bell,
,,F,113,[Ride] Ride,[Ride] Ride,[Ride] Ride,[Conga 2] Left Muted,[Crash Ride 2] Ride,[Ride] Ride,[Tambourine 2] Hit,[Clappers] Hit,[Ride] Ride,[Ride] Ride Tip,[Crash 2] Crash,[Ride] Ride,[Ride] Ride Tip,[Ride] Ride,[Ride] Ride Tip,[Ride 4] *Ride,[Ride] Ride Tip,[Ride 1] Ride,[Ride 2] *Ride Tip,[Ride 2] *Ride,[Ride] Ride Tip,[Ride] Ride,
,,E,112,[Ride] Ride,[Ride] Ride,[Ride] FX,[Conga 2] Right Open,[Crash Ride 2] Ride,[Ride] Ride,[Ride] Ride,[4Tone] Pitch 4,[Ride] Ride,[Ride] Bell Tip,[Crash 2] Crash,[Ride] Bell,[Ride] Bell Tip,[Ride] Ride,[Ride] Bell Tip,[Ride 4] *Ride,[Ride] Ride Shank,[Ride 1] Ride,[Ride 2] *Bell Tip,[Ride 2] *Bell,[Ride] *Bell Tip,[Ride] Bell,
,,Eb,111,[Ride] Ride,[Ride] Ride,[Ride] Crescendo,[Conga 2] Left Open,[Crash Ride 2] Ride,[Ride] Ride,[Ride] Ride,[4Tone] Pitch 3,[Ride] Ride,[Ride] Ride Shank,[Crash 2] Crash,[Ride] Ride,[Ride] Ride Shank,[Ride] Ride,[Ride] Ride Shank,[Ride 4] *Ride,[Ride] Ride Shank,[Ride 1] Ride,[Ride 2] *Ride Shank,[Ride 2] *Crescendo,[Ride] *Ride Shank,[Ride] Ride,
,,D,110,[Ride] Punch,[Ride] Punch,[Ride] Punch,[Conga 2] FX,[Crash Ride 2] Punch,[Ride] Punch,[Ride] Punch,[4Tone] Pitch 2,[Ride] Crash,[Ride] Crash,[Crash 2] Crash,[Ride] *Edge,[Ride] Edge,[Ride] Ride,[Ride] Edge,[Ride 4] *Edge,[Ride] Edge,[Ride 1] Edge,[Ride 2] *Edge,[Ride 2] *Punch,[Ride] Ride Tip,[Ride] Edge,
,,C#,109,[Ride] Bell,[Ride] Bell,[Ride] Bell,[Conga 2] Flams,[Crash Ride 2] Bell,[Ride] Bell,[Ride] Bell,[4Tone] Pitch 1,[Ride] Bell,[Ride] Bell Shank,[Crash 2] Crash,[Ride] Bell,[Ride] Bell Shank,[Ride] Ride,[Ride] Bell Shank,[Ride 4] *Bell,[Ride] Bell,[Ride 1] Bell,[Ride 2] *Bell Shank,[Ride 2] *Bell,[Ride] Bell Shank,[Ride] Bell,
,,C,108,[Ride] Ride,[Ride] Ride,[Ride] Ride,[Conga 2] Crescendo,[Crash Ride 2] Ride,[Ride] Ride,[Ride] Ride,[FX-Box] Accordeon,[Ride] Ride,[Ride] Ride Tip,[Crash 2] Crash,[Ride] Ride,[Ride] Ride Tip,[Ride] Ride,[Ride] Ride Tip,[Ride 4] *Ride,[Ride] Ride Tip,[Ride 1] Ride,[Ride 2] *Ride Tip,[Ride 2] *Ride,[Ride] Ride Tip,[Ride] Ride,
,,B,107,[Crash B] Mute,[Ride] Punch,[Crash B] *Mute,[Conga 2] Right BassTone,[Crash B] Mute,[Crash B] Mute,[China/CRide] Mute,[FX-Box] Thunder Hit,[Ride] Mute,[Ride] Mute,[Crash 1] Crash,[Cymbal 6] Mute,[Cymbal 3] Mute,[Crash 2] Crash,[Crash B] Mute,[Cymbal 5] Mute,[Cymbal 2] Mute,[Cymbal 5] Mute,[Cymbal 6] *Mute,[Cymbal 4] Mute,[Cymbal 2] Mute,[Crash B] Mute,
,,Bb,106,[Crash B] Mute,[Ride] Punch,[Crash B] *Mute,[Conga 2] Left BassTone,[Crash B] Mute,[Crash B] Mute,[China/CRide] Mute,[FX-Box] Thunder Shake,[Ride] Mute,[Ride] Mute,[Crash 1] Crash,[Cymbal 4] Mute,[Cymbal 3] Mute,[Crash 2] Crash,[Crash B] Mute,[Cymbal 4] Mute,[Cymbal 2] Mute,[Cymbal 4] Mute,[Ride 1] Mute,[Cymbal 3] Mute,[Cymbal 2] Mute,[Crash B] Mute,
,,A,105,[Ride] Ride,[Ride] Ride,[Ride] FX,[Conga 2] Right Muted,[China 1] Ride,[Ride] Ride,[Ride] Ride,[FX-Box] Short Ratchet,[Ride] Ride,[Ride] Bell Tip,[Crash 2] Crash,[Ride] Bell,[Ride] Bell Tip,[Ride] Ride,[Ride] Bell Tip,[Ride 3] *Ride,[Ride] Ride Shank,[Ride 1] Ride,[Ride 1] Bell Tip,[Ride 1] Bell,[Ride] *Bell Tip,[Ride] Bell,
,,Ab,104,[Ride] Ride,[Ride] Ride,[Ride] Crescendo,[Conga 2] Left Muted,[Ride] Ride,[Ride] Ride,[Ride] Ride,[FX-Box] Duck,[Ride] Ride,[Ride] Ride Shank,[Crash 2] Crash,[Ride] Ride,[Ride] Ride Shank,[Ride] Ride,[Ride] Ride Shank,[Ride 3] *Ride,[Ride] Ride Shank,[Ride 1] Ride,[Ride 1] Ride Shank,[Ride 1] Crescendo,[Ride] *Ride Shank,[Ride] Ride,
,,G,103,[Ride] Punch,[Ride] Punch,[Ride] Punch,[Conga 2] Right Open,[Ride] Punch,[Ride] Punch,[Ride] Punch,[FX-Box] Siren Long,[Ride] Crash,[Ride] Crash,[Crash 2] Crash,[Ride] *Edge,[Ride] Edge,[Ride] Ride,[Ride] Edge,[Ride 3] *Edge,[Ride] Edge,[Ride 1] Edge,[Ride 1] Edge,[Ride 1] Punch,[Ride] Ride Tip,[Ride] Edge,
,,F#,102,[Ride] Bell,[Ride] Bell,[Ride] Bell,[Conga 2] Left Open,[Ride] Bell,[Ride] Bell,[Ride] Bell,[FX-Box] Siren Short,[Ride] Bell,[Ride] Bell Shank,[Crash 2] Crash,[Ride] Bell,[Ride] Bell Shank,[Ride] Ride,[Ride] Bell Shank,[Ride 3] *Bell,[Ride] Bell,[Ride 1] Bell,[Ride 1] Bell Shank,[Ride 1] Bell,[Ride] Bell Shank,[Ride] Bell,
,,F,101,[Ride] Ride,[Ride] Ride,[Ride] Ride,[Conga 1] FX,[Ride] Ride,[Ride] Ride,[Ride] Ride,[FX-Box] Whistle Long,[Ride] Ride,[Ride] Ride Tip,[Crash 2] Crash,[Ride] Ride,[Ride] Ride Tip,[Ride] Ride,[Ride] Ride Tip,[Ride 3] *Ride,[Ride] Ride Tip,[Ride 1] Ride,[Ride 1] Ride Tip,[Ride 1] Ride,[Ride] Ride Tip,[Ride] Ride,
,,E,100,[Ride] Ride,[Ride] Ride,[Ride] FX,[Conga 1] Slap Flams,[Ride] Ride,[Ride] Ride,[Ride] Ride,[FX-Box] Whistle Short,[Crash] Ride,[Ride] Bell Tip,[Crash 2] Crash,[Ride] Bell,[Ride] Bell Tip,[Ride] Ride,[Ride] Bell Tip,[Ride 3] *Ride,[Ride] Ride Shank,[Ride 2] Ride,[Ride ><] *Bell Tip,[Ride 3] *Bell,[Ride] *Bell Tip,[Crash B] Bell,
,,Eb,99,[Ride] Ride,[Ride] Ride,[Ride] Crescendo,[Conga 1] Flams,[Ride] Ride,[Ride] Ride,[Ride] Ride,[FX-Box] Cow Moo,[Crash] Ride,[Ride] Ride Shank,[Crash 2] Crash,[Ride] Ride,[Ride] Ride Shank,[Ride] Ride,[Ride] Ride Shank,[Ride 3] *Ride,[Ride] Ride Shank,[Ride 2] Ride,[Ride ><] *Ride Shank,[Ride 3] *Crescendo,[Ride] *Ride Shank,[Crash B] Ride,
,,D,98,[Ride] Punch,[Ride] Punch,[Ride] Punch,[Conga 1] Crescendo,[Ride] Punch,[Ride] Punch,[Ride] Punch,[OneShots] Brushed Head,[Crash] Crash,[Ride] Crash,[Crash 2] Crash,[Ride] *Edge,[Ride] Edge,[Ride] Ride,[Ride] Edge,[Ride 3] *Edge,[Ride] Edge,[Ride 2] Edge,[Ride ><] *Edge,[Ride 3] *Punch,[Ride] Ride Tip,[Crash B] Ride,
,,C#,97,[Ride] Bell,[Ride] Bell,[Ride] Bell,[Conga 1] Right Heel,[Ride] Bell,[Ride] Bell,[Ride] Bell,[OneShots] Glass Bowl,[Crash] Bell,[Ride] Bell Shank,[Crash 2] Crash,[Ride] Bell,[Ride] Bell Shank,[Ride] Ride,[Ride] Bell Shank,[Ride 3] *Bell,[Ride] Bell,[Ride 2] Bell,[Ride ><] *Bell Shank,[Ride 3] *Bell,[Ride] Bell Shank,[Crash B] Bell,
,,C,96,[Ride] Ride,[Ride] Ride,[Ride] Ride,[Conga 1] Left Heel,[Ride] Ride,[Ride] Ride,[Ride] Ride,[OneShots] Spoxe/WBlock,[Crash] Ride,[Ride] Ride Tip,[Crash 2] Crash,[Ride] Ride,[Ride] Ride Tip,[Ride] Ride,[Ride] Ride Tip,[Ride 3] *Ride,[Ride] Ride Tip,[Ride 2] Ride,[Ride ><] *Ride Tip,[Ride 3] *Ride,[Ride] Ride Tip,[Crash B] Ride,
,,B,95,[Crash A] Mute,[Ride] Punch,[Crash A] *Mute,[Conga 1] Right Closed Slap,[Crash A] Mute,[Crash A] Mute,[Crash B] Mute,[Clangers 2] Open,[Crash] Mute,[Crash] Mute,[Crash 1] Crash,[Cymbal 3] Mute,[Cymbal 2] Mute,[Crash 2] Crash,[Crash A] Mute,[Cymbal 3] Mute,[Cymbal 1] Mute,[Cymbal 3] Mute,[Cymbal 4] *Mute,[Cymbal 2] Mute,[Cymbal 1] Mute,[Crash A] Mute,
,,Bb,94,[Crash A] Mute,[Ride] Punch,[Crash A] *Mute,[Conga 1] Left Closed Slap,[Crash A] Mute,[Crash A] Mute,[Splash] Mute,[OneShots] Tamb/Gong,[Crash] Mute,[Crash] Mute,[Crash 1] Crash,[Cymbal 1] Mute,[Cymbal 2] Mute,[Crash 2] Crash,[Crash A] Mute,[Cymbal 2] Mute,[Cymbal 1] Mute,[Cymbal 2] Mute,[Cymbal 3] Mute,[Cymbal 1] Mute,[Cymbal 1] Mute,[Crash A] Mute,
,,A,93,[Ride] Ride,[Ride] Ride,[Ride] FX,[Conga 1] Right Open Slap,[China 1] Ride,[Ride] Ride,[Ride] Ride,[OneShots] WBlock/Tamb,[Crash] Ride,[Ride] Bell Tip,[Crash 2] Crash,[Ride] Bell,[Ride] Bell Tip,[Ride] Ride,[Ride] Bell Tip,[Ride 2] *Ride,[Ride] Ride Shank,[Ride 2] Ride,[Ride ><] *Bell Tip,[Ride 3] *Bell,[Ride] *Bell Tip,[Crash A] Bell,
,,Ab,92,[Ride] Ride,[Ride] Ride,[Ride] Crescendo,[Conga 1] Left Open Slap,[Crash Ride 1] Crescendo,[Ride] Ride,[Ride] Ride,[OneShots] Hub Cap,[Crash] Ride,[Ride] Ride Shank,[Crash 2] Crash,[Ride] Ride,[Ride] Ride Shank,[Ride] Ride,[Ride] Ride Shank,[Ride 2] *Ride,[Ride] Ride Shank,[Ride 2] Ride,[Ride ><] *Ride Shank,[Ride 3] *Crescendo,[Ride] *Ride Shank,[Crash A] Ride,
,,G,91,[Ride] Punch,[Ride] Punch,[Ride] Punch,[Conga 1] Right BassTone,[Crash Ride 1] Punch,[Ride] Punch,[Ride] Punch,[Body] Body Hands,[Crash] Crash,[Ride] Crash,[Crash 2] Crash,[Ride] *Edge,[Ride] Edge,[Ride] Ride,[Ride] Edge,[Ride 2] *Edge,[Ride] Edge,[Ride 2] Edge,[Ride ><] *Edge,[Ride 3] *Punch,[Ride] Ride Tip,[Crash A] Ride,
,,F#,90,[Ride] Bell,[Ride] Bell,[Ride] Bell,[Conga 1] Right Open,[Crash Ride 1] Bell,[Ride] Bell,[Ride] Bell,[Body] Card On Beat,[Crash] Bell,[Ride] Bell Shank,[Crash 2] Crash,[Ride] Bell,[Ride] Bell Shank,[Ride] Ride,[Ride] Bell Shank,[Ride 2] *Bell,[Ride] Bell,[Ride 2] Bell,[Ride ><] *Bell Shank,[Ride 3] *Bell,[Ride] Bell Shank,[Crash A] Bell,
,,F,89,[Ride] Ride,[Ride] Ride,[Ride] Ride,[Conga 1] Right Muted,[Crash Ride 1] Ride,[Ride] Ride,[Ride] Ride,[Body] Card Off Beat,[Crash] Ride,[Ride] Ride Tip,[Crash 2] Crash,[Ride] Ride,[Ride] Ride Tip,[Ride] Ride,[Ride] Ride Tip,[Ride 2] *Ride,[Ride] Ride Tip,[Ride 2] Ride,[Ride ><] *Ride Tip,[Ride 3] *Ride,[Ride] Ride Tip,[Crash A] Ride,
,,E,88,[Ride] Ride,[Ride] Ride,[Ride] FX,[Conga 1] Slap Crescendo,[Crash Ride 1] Ride,[Ride] Ride,[Ride] Ride,[Body] Zipper On Beat,[Crash] Ride,[Ride] Bell Tip,[Crash 2] Crash,[Ride] Bell,[Ride] Bell Tip,[Ride] Ride,[Ride] Bell Tip,[Ride 1] *Ride,[Ride] Ride Shank,[Ride 2] Ride,[Ride ><] *Bell Tip,[Ride 3] *Bell,[Ride] *Bell Tip,[Crash/Splash] Bell,
,,Eb,87,[Ride] Ride,[Ride] Ride,[Ride] Crescendo,[Cajon] Left Brushed,[Crash Ride 1] Crescendo,[Ride] Ride,[Ride] Ride,[Body] Zipper Off Beat,[Crash] Ride,[Ride] Ride Shank,[Crash 2] Crash,[Ride] Ride,[Ride] Ride Shank,[KD Chromatic] D# Hi,[Ride] Ride Shank,[Ride 1] *Ride,[Ride] Ride Shank,[Ride 2] Ride,[Ride ><] *Ride Shank,[Ride 3] *Crescendo,[Ride] *Ride Shank,[Crash/Splash] Ride,
,,D,86,[Ride] Punch,[Ride] Punch,[Ride] Punch,[Cajon] Right Brushed,[Crash Ride 1] Punch,[Ride] Punch,[Ride] Punch,[Body] Hand Claps,[Crash] Crash,[Ride] Crash,[Crash 2] Crash,[Ride] *Edge,[Ride] Edge,[KD Chromatic] D Hi,[Ride] Edge,[Ride 1] *Edge,[Ride] Edge,[Ride 2] Edge,[Ride ><] *Edge,[Ride 3] *Punch,[Ride] Ride Tip,[Crash/Splash] Ride,
,,C#,85,[Ride] Bell,[Ride] Bell,[Ride] Bell,[Cajon] Right Brush Hit,[Crash Ride 1] Bell,[Ride] Bell,[Ride] Bell,[Body] Hand Breath,[Crash] Bell,[Ride] Bell Shank,[Crash 2] Crash,[Ride] Bell,[Ride] Bell Shank,[KD Chromatic] C#,[Ride] Bell Shank,[Ride 1] *Bell,[Ride] Bell,[Ride 2] Bell,[Ride ><] *Bell Shank,[Ride 3] *Bell,[Ride] Bell Shank,[Crash/Splash] Bell,
,,C,84,[Ride] Ride,[Ride] Ride,[Ride] Ride,[Cajon] Left Brush Hit,[Crash Ride 1] Ride,[Ride] Ride,[Ride] Ride,[Body] Chest Hits,[Crash] Ride,[Ride] Ride Tip,[Crash 2] Crash,[Ride] Ride,[Ride] Ride Tip,[KD Chromatic] C,[Ride] Ride Tip,[Ride 1] *Ride,[Ride] Ride Tip,[Ride 2] Ride,[Ride ><] *Ride Tip,[Ride 3] *Ride,[Ride] Ride Tip,[Crash/Splash] Ride,
,,B,83,[Crash A] Mute,[Ride] Punch,[Crash A] *Mute,[Cajon] Crescendo,[Crash A] Mute,[Crash/Splash] Mute,[Crash A] Mute,[Body] Stair Steps,[Crash] Mute,[Crash] Mute,[Crash 1] Crash,[Cymbal 1] Mute,[Cymbal 1] Mute,[KD Chromatic] B,[Crash A] Mute,[Cymbal 1] Mute,[Cymbal 1] Mute,[Cymbal 1] Mute,[Cymbal 1] *Mute,[Cymbal 1] Mute,[Cymbal 1] *Crescendo,[Crash/Splash] Mute,
,,Bb,82,[Racktom 1] Rimshot,[Snare2] Right,[Racktom] Right,[Cajon] Flams,[Racktom 1] Flams,[Racktom 1] Rimshot,[Racktom 1] Rimshot,[Tom 1] Right,[Racktom 1] Rimshot,[Tom1] Rimshot,[Tom 4] Tom,[Racktom 1] Right,[Racktom 1] Rimshot,[KD Chromatic] A#,[Racktom] Rimshot,[Racktom 1] Rimshot,[Racktom 1] Rimshot,[Racktom 1] Rimshot,[Racktom 1] Rimshot,[Racktom 1] Rimshot,[Racktom 1] Center,[Racktom 1] Rimshot,
,Open Triangle,A,81,[Racktom 1] Left,[Snare2] Right,[Racktom] Left,[Triangle] Open,[Racktom 1] Left,[Racktom 1] Left,[Racktom 1] Right,[Tom 1] Left,[Racktom 1] RimOnly,[Tom1] Rim Only,[Tom 4] Tom,[Racktom 1] Left,[Racktom 1] Left,[KD Chromatic] A,[Racktom] Rim Only,[Racktom 1] Rim Only,[Racktom 1] Rim Only,[Racktom 1] Center,[Racktom 1] Center,[Racktom 1] Center,[Racktom 1] Center,[Racktom 1] Center,
,Mute Triangle,Ab,80,[Racktom 2] Rimshot,[Snare2] Right,[Racktom] Right,[Triangle] Muted,[Racktom 2] Flams,[Racktom 2] Rimshot,[Racktom 2] Rimshot,[Tom 2] Right,[Racktom 2] Rimshot,[Tom2] Rimshot,[Tom 3] Tom,[Racktom 2] Right,[Racktom 2] Rimshot,[KD Chromatic] G#,[Racktom] Rimshot,[Racktom 2] Rimshot,[Racktom 1] Rimshot,[Racktom 1] Rimshot,[Racktom 2] Rimshot,[Racktom 2] Rimshot,[Racktom 2] Center,[Racktom 2] Rimshot,
,Open Cuica,G,79,[Racktom 2] Left,[Snare2] Right,[Racktom] Left,[Udu] Open Slap,[Racktom 2] Left,[Racktom 2] Left,[Racktom 2] Right,[Tom 2] Left,[Racktom 2] RimOnly,[Tom2] Rim Only,[Tom 3] Tom,[Racktom 2] Left,[Racktom 2] Left,[KD Chromatic] G,[Racktom] Rim Only,[Racktom 2] Rim Only,[Racktom 1] Rim Only,[Racktom 1] Center,[Racktom 2] Center,[Racktom 2] Center,[Racktom 2] Center,[Racktom 2] Center,
,Mute Cuica,F#,78,[Racktom 2] Rimshot,[Snare2] Right,[Racktom] Right,[Udu] Muted Slap,[Racktom 3] Flams,[Racktom 2] Rimshot,[Racktom 2] Rimshot,[Tom 3] Right,[Racktom 2] Rimshot,[Tom2] Rimshot,[Tom 2] Tom,[Racktom 3] Right,[Racktom 3] Rimshot,[KD Chromatic] F#,[Racktom] Rimshot,[Racktom 3] *Rimshot,[Floortom 1] Rimshot,[Floortom 1] Rimshot,[Racktom 3] *Rimshot,[Racktom 3] Rimshot,[Racktom 2] Center,[Racktom 2] Rimshot,
,Low Wood Block,F,77,[Racktom 2] Left,[Snare2] Right,[Racktom] Left,[Woodblocks] Block 2,[Racktom 3] Left,[Racktom 2] Left,[Racktom 2] Right,[Tom 3] Left,[Racktom 2] RimOnly,[Tom2] Rim Only,[Tom 1] Tom,[Racktom 3] Left,[Racktom 3] Left,[KD Chromatic] F,[Racktom] Rim Only,[Racktom 3] *Rim Only,[Floortom 1] Rim Only,[Floortom 1] Center,[Racktom 3] *Center,[Racktom 3] Center,[Racktom 2] Center,[Racktom 2] Center,
,Hi Wood Block,E,76,[Cowbell] Right,[Ride] Punch,[Hats] Open Bell,[Woodblocks] Block 1,[Crash B] Crescendo,[CountIns] Count,[Cowbell 2] Hit,[Clangers 2] Open,[Woodblock] Stick,[CountIns] CountIns,[Xtra 16] Xtra,[Ride] Bell,[Snare] Rim Only,[KD Chromatic] E,[Percussion] Hit,[Racktom 3] *Rim Only,[Floortom 1] Rimshot,[Sticks] Count In,[Cowbell] *Tip,[Sticks] *Count In,[Ride] *Crescendo,[CountIns] *Count,
,Claves,Eb,75,[Floortom 1] Rimshot,[Tom] Right,[Floortom] Right,[Cajon] Left BassTone,[Floortom 1] Flams,[Floortom 1] Rimshot,[Floortom 1] *Rimshot,[Tom 4] Right,[Floortom] Rimshot,[Tom3] Rimshot,[Xtra 15] Xtra,[Floortom 1] Right,[Floortom] Rimshot,[KD Chromatic] D# Low,[Floortom] Rimshot,[Floortom 1] Rimshot,[Floortom 1] Rimshot,[Floortom 1] Rimshot,[Floortom 1] Rimshot,[Floortom 1] Rimshot,[Floortom] Center,[Floortom] Rimshot,
,Long Guiro,D,74,[Floortom 1] Left,[Tom] Right,[Floortom] Left,[Guiro] Long,[Floortom 1] Left,[Floortom 1] Left,[Floortom 1] Left,[Tom 4] Left,[Floortom] RimOnly,[Tom3] Rim Only,[Xtra 14] Xtra,[Floortom 1] Left,[Floortom] Left,[KD Chromatic] D Low,[Floortom] Rim Only,[Floortom 1] Rim Only,[Floortom 1] Rim Only,[Floortom 1] Center,[Floortom 1] Center,[Floortom 1] Center,[Floortom] Center,[Floortom] Center,
,Short Guiro,C#,73,[Floortom 1] Rimshot,[Tom] Right,[Floortom] Right,[Guiro] Short,[Floortom 2] Flams,[Floortom 1] Rimshot,[Floortom 2] Rimshot,[Tom 5] Right,[Floortom] Rimshot,[Tom3] Rimshot,[Xtra 13] Xtra,[Floortom 2] Right,[Floortom] Rimshot,[FX Mid-Hi] FX2,[Floortom] Rimshot,[Floortom 2] Rimshot,[Floortom 2] Rimshot,[Floortom 2] Rimshot,[Floortom 2] Rimshot,[Floortom 1] Rimshot,[Floortom] Center,[Floortom] Rimshot,
,Long Whistle,C,72,[Floortom 1] Left,[Tom] Right,[Floortom] Left,[Chimes] Stroke,[Floortom 2] Left,[Floortom 1] Left,[Floortom 2] Right,[Tom 5] Left,[Floortom] RimOnly,[Tom3] Rim Only,[Xtra 12] Xtra,[Floortom 2] Left,[Floortom] Left,[FX Low] FX,[Floortom] Rim Only,[Floortom 2] Rim Only,[Floortom 2] Rim Only,[Floortom 2] Center,[Floortom 2] Center,[Floortom 1] Center,[Floortom] Center,[Floortom] Center,
,Short Whistle,B,71,[Snare] Sidestick,[Snare] *Sidestick,[Snare] Sidestick,[Crickets] Stroke,[Snare] Sidestick,[Snare] *Ring Finger,[Snare Shell] Right,[Snare Alt] Right,[Snare] Rim Only,[Snare] Rim Only,[Xtra 11] Xtra,[Snare] Sidestick,[Snare] Rim Only,[SD Fat] Hit,[Snare] Rim Only,[Snare] Rim Only,[Snare] Sidestick,[Snare] Rim Only,[Snare] Sidestick,[Snare] Sidestick,[Snare] Sidestick,[Snare] *Ring Finger,
,Maracas,Bb,70,[Snare] Right,[Snare] Right,[Snare] Right,[Shekere] Beat,[Snare] Right,[Snare] *Middle Finger,[Snare Shell] Left,[Snare Alt] Left,[Snare] Right,[Snare] Right,[Xtra 10] Xtra,[Snare] Right,[Snare] Right,[Snare] Hit,[Snare] *Muted Rimshot,[Snare] Roll,[Snare] Roll,[Snare] Roll,[Snare] Center,[Snare] Center,[Snare] Center,[Snare] *Middle Finger,
,Cabasa,A,69,[Snare] Right,[Snare] Right,[Snare] Right,[Afuche] Beat,[Snare] Flams,[Snare] *Index Finger,[High Snare] Rimshot,[Snare Alt] Right,[Snare] Right,[Snare] Right,[Xtra 9] Xtra,[Snare] Right,[Snare] Right,[SD Small] Hit,[Snare] Flams,[Snare] Flams,[Snare] Flams,[Snare] Flams,[Snare] Flams,[Snare] Flams,[Snare] Flams,[Snare] *Index Finger,
,Low Agogo,Ab,68,[Snare] Right,[Snare] Right,[Snare] *Right Muted,[Waterfall] Stroke,[Snare] Right,[Snare] *Thumb,[High Snare] Right,[OneShots] Brushed Head,[Snare] Right,[Snare] *Mute Right,[Xtra 8] Xtra,[Snare] Right,[Snare] Right,[Snare] Hit,[Snare] *Muted Right,[Snare] Muted,[Snare] Muted,[Snare] *Muted,[Snare] Center,[Snare] *Muted,[Snare] Center,[Snare] *Thumb,
,High Agogo,G,67,[Snare] Sidestick,,[Snare] *Brushed,[Bells] Stroke,,[Snare] *Palm,[High Snare] Sidestick,[Rattles] Crescendo,,[Snare] *Full Circle,[Xtra 7] Xtra,[Snare] Sidestick,[Snare] Sidestick,[SD Small] Hit,[Snare] Sidestick,[Snare] *Swirls,[Snare] Sidestick,[Sticks] Count In,[Sticks] *Count In,[Snare] *Brushed,[Snare] Sidestick,[Snare] *Palm,
,Low Timbale,F#,66,[Snare] Left,[Snare] Right,[Snare] *Left Muted,[Timbale 2] Left OpenTone,[Snare] Right,[Snare] Left Muted,[High Snare] Left,[OneShots] Brushed Head,[Snare] Right,[Snare] *Short Drag,[Xtra 6] Xtra,[Snare] Left,[Snare] Left,[Snare] Hit,[Snare] *Muted Left,[Snare] Muted,[Snare] Muted,[Snare] *Muted,[Snare] Center,[Snare] *Muted,[Snare] Center,[Snare] *Thumb,
,High Timbale,F,65,[Hats] Seq Soft,[Hats] Seq Soft,[Hats] Seq Soft,[Timbale 1] Left OpenTone,[Hats] Closed,[Hats] Seq Soft,[Hats] Seq Soft,[Hats] Seq Soft,[Hats] Sequence,[Hats] *Seq Soft,[Xtra 5] Xtra,[Hats] Seq Hits,[Hats] Seq Hits,[Hats 1] MuteGroup,[Hats] Seq Hits,[Hats] Seq Soft,[Hats] Seq Hits,[Hats] Seq Hits,[Hats] Seq Hits,[Hats] Closed Tip,[Hats] Closed Edge,[Hats] Seq Soft,
,Low Conga,E,64,[Hats] Seq Hard,[Hats] Seq Hard,[Hats] Seq Hard,[Conga 1] Left BassTone,[Hats] Closed,[Hats] Seq Hard,[Hats] Seq Hard,[Hats] Seq Hard,[Hats] Sequence,[Hats] *Seq Hard,[Xtra 4] Xtra,[Hats] Closed,[Hats] Open 0,[Hats 1] MuteGroup,[Hats] Open 0,[Hats] Seq Hard,[Hats] Seq Hits,[Hats] Seq Hits,[Hats] Open 0,[Hats] Closed,[Hats] Closed Edge,[Hats] Seq Hard,
,Open Hi Conga,Eb,63,[Hats] Tight Tip,[Hats] Closed,[Hats] Tight Tip,[Conga 1] Left Open,[Hats] Closed,[Hats] Tight Tip,[Hats] Tight Tip,[Hats] Tight Tip,[Hats] Tight Tip,[Hats] Tight Tip,[Xtra 3] Xtra,[Hats] Closed Tip,[Hats] Tight Tip,[Hats 1] MuteGroup,[Hats] Tight Tip,[Hats] Tight Tip,[Hats] Tight Tip,[Hats] Tight Tip,[Hats] Tight Tip,[Hats] Tight Tip,[Hats] Closed Tip,[Hats] Tight Tip,
,Mute Hi Conga,D,62,[Hats] Tight,[Hats] Closed,[Hats] Tight,[Conga 1] Left Muted,[Hats] Closed,[Hats] Tight,[Hats] Tight,[Hats] Tight,[Hats] Tight,[Hats] Tight,[Xtra 2] Xtra,[Hats] Closed Tip,[Hats] Tight,[Hats 1] MuteGroup,[Hats] Tight Edge,[Hats] Tight Edge,[Hats] Tight Edge,[Hats] Tight Edge,[Hats] Tight Edge,[Hats] Tight,[Hats] Closed Tip,[Hats] Tight Edge,
,Low Bongo,C#,61,[Hats] Closed Tip,[Hats] Closed,[Hats] Closed Tip,[Bongo 2] Left Open,[Hats] Closed,[Hats] Closed Tip,[Hats] Closed Tip,[Hats] Closed Tip,[Hats] Closed Tip,[Hats] Closed Tip,[Xtra 1] Xtra,[Hats] Closed Tip,[Hats] Closed Tip,[Hats 1] MuteGroup,[Hats] Closed Tip,[Hats] Closed Tip,[Hats] Closed Tip,[Hats] Closed Tip,[Hats] Closed Tip,[Hats] Closed Tip,[Hats] Closed Tip,[Hats] Closed Tip,
,Hi Bongo,C,60,[Hats] Open 4,[Hats] Open 3,[Hats] Open 4,[Bongo 1] Left Open,[Hats] Open 4,[Hats] Open 4,[Hats] Open 4,[Hats] Open 4,[Hats] Open 4,[Hats] Open 4,[Hats 4] Hats,[Hats] Open 3,[Hats] Open 4,[Hats 2] MuteGroup,[Hats] Open 4,[Hats] Open 4,[Hats] Open 5,[Hats] Open 5,[Hats] Open 5,[Hats] *Open 4,[Hats] Open 3,[Hats] Open 4,
[Cymbals] Ride Edge,Ride Cymbal 2,B,59,[Ride] Punch,[Ride] Punch,[Ride] Punch,[Cymbal 2] Crash,[Ride] Punch,[Ride] Punch,[Ride] Punch,[OneShots] Tamb/Gong,[Ride] Crash,[Ride] Crash,[Perc 4] Perc,[Ride] *Edge,[Ride] Edge,[Ride] Ride,[Ride] Edge,[Ride 3] Edge,[Ride] Edge,[Ride 1] Edge,[Ride 1] Edge,[Ride 1] Punch,[Ride] *Ride Shank,[Ride] Edge,
[Cymbals] Crash B Mute,Vibraslap,Bb,58,[Crash B] Mute,[Ride] Ride,[Crash B] *Mute,[Vibraslap] Stroke,[Crash B] Mute,[Crash B] Mute,[Snaps] Snaps,[FX-Box] Short Ratchet,[Ride] Mute,[Ride] Mute,[Perc 3] Perc,[Cymbal 5] Mute,[Cymbal 3] Mute,[Shaker] Shake,[Crash B] Mute,[Cymbal 5] Mute,[Cymbal 2] Mute,[Cymbal 5] Mute,[Cymbal 5] Mute,[Cymbal 4] Mute,[Cymbal 2] Mute,[Crash B] Mute,
[Cymbals] Crash B,Crash Cymbal 2,A,57,[Crash B] Crash,[Ride] Punch,[Crash B] Crash,[Cymbal 1] Crash,[Crash B] Crash,[Crash B] Crash,[Crash B] Crash,[Crash B] Crash,[Ride] Crash,[Ride] Crash,[Perc 2] Perc,[Cymbal 5] Crash,[Cymbal 3] Crash,[Crash 2] Crash,[Crash B] Crash,[Cymbal 5] Crash,[Cymbal 2] Crash,[Cymbal 5] Crash,[Cymbal 5] Crash,[Cymbal 4] Crash,[Cymbal 2] Crash,[Crash B] Crash,
[X-Crash] Crash,Cowbell,Ab,56,[Cowbell] Right,[Ride] Punch,[Hats] Open Bell,[Cowbell] Hit,[Ride] Bell,[Hats] Open Bell 2,[Cowbell 1] Hit,[OneShots] WBlock/Tamb,[Woodblock] Hit,[Hats] Bell Closed,[Perc 1] Perc,[Ride] Bell,[Ride] Bell Tip,[Percussion] Hit,[Hats] Bell Open 3,[Cowbell] Hit,[Hats] Bell Closed,[Ride 1] Bell,[Cowbell] *Edge,[Ride 1] Bell,[Ride] *Bell Tip,[Ride] Bell,
,Splash Cymbal,G,55,[Crash A] Crash,[Ride] Punch,[Crash A] Crash,[Splash] Hit,[Splash 1] Crash,[Crash/Splash] Crash,[Splash] Crash,[OneShots] Hub Cap,[Ride] Crash,[Crash] Crash,[Hits 6] Hit,[Splash] Crash,[Cymbal 2] Crash,[Crash 2] Crash,[Crash A] Crash,[Cymbal 3] Crash,[Cymbal 3] Crash,[Cymbal 3] Crash,[Splash] Crash,[Cymbal 1] Crash,[Cymbal 1] Crash,[Crash/Splash] Crash,
[Cymbals] Crash A Mute,Tambourine,F#,54,[Crash A] Mute,[Ride] Punch,[Crash A] *Mute,[Tambourine] Open Hit,[Crash A] Mute,[Crash A] Mute,[Tambourine 1] Hit,[Clappers] Hit,[Crash] Mute,[Crash] Mute,[Hits 5] Hit,[Cymbal 2] Mute,[Cymbal 2] Mute,[Tambourine] Hit,[Crash A] Mute,[Cymbal 2] Mute,[Cymbal 1] Mute,[Cymbal 2] Mute,[Cymbal 2] Mute,[Cymbal 2] Mute,[Cymbal 1] Mute,[Crash A] Mute,
[Cymbals] Ride Bell,Ride Bell,F,53,[Ride] Bell,[Ride] Bell,[Ride] Bell,[Bongo 2] Flams,[Ride] Bell,[Ride] Bell,[Ride] Bell,[OneShots] Spoxe/WBlock,[Ride] Bell,[Ride] Bell Shank,[Hits 4] Hit,[Ride] Bell,[Ride] Bell Shank,[Ride] Ride,[Ride] Bell Shank,[Ride 3] Bell,[Ride] Bell,[Ride 1] Bell,[Ride 1] Bell Shank,[Ride 1] Bell,[Ride] Bell Shank,[Ride] Bell,
,Chinese Cymbal,E,52,[Crash B] Crash,[Ride] Punch,[Crash B] Crash,[Bongo 2] Crescendo,[China 1] Punch,[China] Crash,[China/CRide] Crash,[China 2] Crash,[Crash] Crash,[Ride] Crash,[Hits 3] Hit,[China 2] Crash,[Ride] Ride Shank,[Crash 1] Crash,[Ride] Ride Shank,[Cymbal 1] Crash,[Cymbal 2] Crash,[Cymbal 1] Crash,[China 2] Crash,[Cymbal 3] Crash,[Cymbal 1] Crash,[China] *Crash,
[Cymbals] Ride Bow,Ride Cymbal 1,Eb,51,[Ride] Ride,[Ride] Ride,[Ride] Ride,[Bongo 2] Right Open,[Ride] Ride,[Ride] Ride,[Ride] Ride,[OneShots] Glass Bowl,[Ride] Ride,[Ride] Ride Tip,[Crash 2] Crash,[Ride] Ride,[Ride] Ride Tip,[Ride] Ride,[Ride] Ride Tip,[Ride 3] Ride,[Ride] Ride Tip,[Ride 1] Ride,[Ride 1] Ride Tip,[Ride 1] Ride,[Ride] Ride Tip,[Ride] Ride,
[X-Tom] Rack/Floor,High Tom,D,50,[Racktom 1] Right,[Snare2] Left,[Racktom] Right,[Shaker 1] Shakings,[Racktom 1] Right,[Racktom 1] Right,[Racktom 1] Right,[Tom 1] Right,[Racktom 1] Left,[Tom1] Left,[Hits 2] Hit,[Racktom 1] Right,[Racktom 1] Right,[FX Mid-Hi] FX2,[Racktom] Right,[Racktom 1] Center,[Racktom 1] Center,[Racktom 1] Center,[Racktom 1] Center,[Racktom 1] Center,[Racktom 1] Center,[Racktom 1] Center,
[Cymbals] Crash A,Crash Cymbal 1,C#,49,[Crash A] Crash,[Ride] Punch,[Crash A] Crash,[Shaker 1] On Beat,[Crash A] Crash,[Crash A] Crash,[Crash A] Crash,[Crash A] Crash,[Crash] Crash,[Crash] Crash,[Crash 1] Crash,[Cymbal 2] Crash,[Cymbal 1] Crash,[Crash 1] Crash,[Crash A] Crash,[Cymbal 2] Crash,[Cymbal 1] Crash,[Cymbal 2] Crash,[Cymbal 2] Crash,[Cymbal 2] Crash,[Cymbal 1] Crash,[Crash A] Crash,
[Toms] Racktom 1,Hi-Mid Tom,C,48,[Racktom 1] Right,[Snare2] Right,[Racktom] Right,[Shaker 1] Off Beat,[Racktom 1] Right,[Racktom 1] Right,[Racktom 1] Right,[Tom 1] Right,[Racktom 1] Right,[Tom1] Right,[Hits 1] Hit,[Racktom 1] Right,[Racktom 1] Right,[Tom 1] Hi,[Racktom] Right,[Racktom 1] Center,[Racktom 1] Center,[Racktom 1] Center,[Racktom 1] Center,[Racktom 1] Center,[Racktom 1] Center,[Racktom 1] Center,
[Toms] Racktom 2,Low-Mid Tom,B,47,[Racktom 2] Right,[Snare2] Right,[Racktom] Right,[Woodblocks] Block 3,[Racktom 2] Right,[Racktom 2] Right,[Racktom 2] Right,[Tom 2] Right,[Racktom 2] Left,[Tom2] Left,[Tom 4] Tom,[Racktom 2] Right,[Racktom 2] Right,[Tom 2] Mid,[Racktom] Left,[Racktom 2] Center,[Racktom 1] Center,[Racktom 1] Center,[Racktom 2] Center,[Racktom 2] Center,[Racktom 2] Center,[Racktom 2] Center,
,Open Hi-Hat,Bb,46,[Hats] Open 2,[Hats] Open 2,[Hats] Open 2,[Shaker 2] Shakings,[Hats] Open 2,[Hats] Open 2,[Hats] Open 2,[Hats] Open 2,[Hats] Open 2,[Hats] Open 2,[Hats 3] Hats,[Hats] Open 2,[Hats] Open 2,[Hats 2] Open,[Hats] Open 2,[Hats] Open 2,[Hats] Open 2,[Hats] Open 2,[Hats] Open 2,[Hats] Open 2,[Hats] Open 2,[Hats] Open 2,
[Toms] Racktom 3,Low Tom,A,45,[Racktom 2] Right,[Snare2] Right,[Racktom] Right,[Shaker 2] On Beat,[Racktom 3] Right,[Racktom 2] Right,[Racktom 2] Right,[Tom 3] Right,[Racktom 2] Right,[Tom2] Right,[Tom 3] Tom,[Racktom 3] Right,[Racktom 3] Right,[Tom 2] Mid,[Racktom] Left,[Racktom 3] *Center,[Floortom 1] Center,[Floortom 1] Center,[Racktom 3] *Center,[Racktom 3] Center,[Racktom 2] Center,[Racktom 2] Center,
,Pedal Hi-Hat,Ab,44,[Hats] Open Pedal,[Hats] Closed Pedal,[Hats] Closed Pedal,[Shaker 2] Off Beat,[Hats] Closed Pedal,[Hats] Closed Pedal,[Hats] Closed Pedal,[Hats] Closed Pedal,[Hats] Closed Pedal,[Hats] Closed Pedal,[Hats 2] Hats,[Hats] Closed Pedal,[Hats] Closed Pedal,[Hats 3] Small,[Hats] Closed Pedal,[Hats] Closed Pedal,[Hats] Closed Pedal,[Hats] Closed Pedal,[Hats] Closed Pedal,[Hats] Closed Pedal,[Hats] Closed Pedal,[Hats] Closed Pedal,
[Toms] Floortom 1,High Floor Tom,G,43,[Floortom 1] Right,[Tom] Left,[Floortom] Right,[Cajon] Right Slap Mid,[Floortom 1] Right,[Floortom 1] Right,[Floortom 1] Right,[Tom 4] Right,[Floortom] Left,[Tom3] Left,[Tom 2] Tom,[Floortom 1] Right,[Floortom] Right,[Tom 3] Low,[Floortom] Right,[Floortom 1] Center,[Floortom 1] Center,[Floortom 1] Center,[Floortom 1] Center,[Floortom 1] Center,[Floortom] Center,[Floortom] Center,
,Closed Hi-Hat,F#,42,[Hats] Closed Tip,[Hats] Closed,[Hats] Closed Tip,[Cajon] Left Slap Mid,[Hats] Closed,[Hats] Closed Tip,[Hats] Closed Tip,[Hats] Closed Tip,[Hats] Closed Tip,[Hats] Closed Tip,[Hats 1] Hats,[Hats] Closed Tip,[Hats] Closed Tip,[Hats 1] Closed,[Hats] Closed Tip,[Hats] Closed Tip,[Hats] Closed Tip,[Hats] Closed Tip,[Hats] Closed Tip,[Hats] Closed Tip,[Hats] Closed Tip,[Hats] Closed Tip,
[Toms] Floortom 2,Low Floor Tom,F,41,[Floortom 1] Right,[Tom] Left,[Floortom] Right,[Cajon] Right Slap Norm,[Floortom 2] Right,[Floortom 1] Right,[Floortom 2] Right,[Tom 5] Right,[Floortom] Right,[Tom3] Right,[Tom 1] Tom,[Floortom 2] Right,[Floortom] Right,[FX Low] FX,[Floortom] Left,[Floortom 2] Center,[Floortom 2] Center,[Floortom 2] Center,[Floortom 2] Center,[Floortom 2] Center,[Floortom] Center,[Floortom] Center,
[Snare] Rimshot,Electric Snare,E,40,[Snare] Rimshot,[Snare] *Rimshot,[Snare] Rimshot,[Cajon] Left Slap Norm,[Snare] Rimshot,[Snare] Rimshot,[Snare] Rimshot,[Snare] *Rimshot,[Snare] Rimshot,[Snare] Rimshot,[Snare0] Snare,[Snare] Rimshot,[Snare] Rimshot,[SD Fat] Hit,[Snare] Rimshot,[Snare] Rimshot,[Snare] Rimshot,[Snare] Rimshot,[Snare] Rimshot,[Snare] Rimshot,[Snare] Rimshot,[Snare] Rimshot,
[Snare] Ruffs,Hand Clap,Eb,39,[Snare] Right,[Snare] Right,[Snare] Right,[Udu] Flams,[Snare] Ruff,[Snare] *Closed Rim,[Claps] Claps,[Body] Hand Claps,[Snare] Right,[Snare] *Half Circle,[Clap] Clap,[Snare] Right,[Snare] Ruffs,[Claps] Clap,[Snare] Ruffs,[Snare] Ruffs,[Snare] Ruffs,[Snare] Ruff,[Snare] Ruffs,[Snare] Ruffs,[Snare] Ruffs,[Snare] Ruffs,
[Snare] Head,Acoustic Snare,D,38,[Snare] Right,[Snare] Right,[Snare] Right,[Udu] Crescendo,[Snare] Right,[Snare] Right,[Snare] Right,[Snare] Right,[Snare] Right,[Snare] Right,[Snare] Snare,[Snare] Right,[Snare] Right,[Snare] Hit,[Snare] Right,[Snare] Center,[Snare] Center,[Snare] Center,[Snare] Center,[Snare] Center,[Snare] Center,[Snare] Center,
[Snare] Sidestick,Side Stick,C#,37,[Snare] Sidestick,[Snare] *Sidestick,[Snare] Sidestick,[Udu] Slap Crescendo,[Snare] Sidestick,[Snare] Sidestick,[Snare] Sidestick,[Snare] *Sidestick,[Snare] Sidestick,[Snare] Sidestick,[Rim] Rim,[Snare] Sidestick,[Snare] Sidestick,[SD Small] Hit,[Snare] Sidestick,[Snare] Sidestick,[Snare] Sidestick,[Snare] Sidestick,[Snare] Sidestick,[Snare] Sidestick,[Snare] Sidestick,[Snare] Sidestick,
[Kick] Right,Bass Drum 1,C,36,[Kick] Right,[Kick] Right,[Kick] Right,[Udu] OpenTone Low,[Kick] Right,[Kick] Right,[Kick] Right,[Kick] Right,[Kick] Right,[Kick] Kick,[Kick] Kick,[Kick 1] Right,[Kick] Right,[Kick] Hit,[Kick] Right,[Kick] Right,[Kick] Right,[Kick] Right,[Kick 1] Right,[Kick] Right,[Kick] Right,[Kick] Right,
[X-Kick] Right,Acoustic Bass Drum,B,35,[Kick] Right,[Kick] Right,[Kick] Right,[Udu] OpenTone High,[Kick] Right,[Kick] Right,[Kick] Right,[Kick] Right,[Kick] Right,[Kick] Open,[Kick] Kick,[Kick 2] Left,[Kick] Right,[KD Long] Hit,[Kick] Open,[Kick] Right,[Kick] Right,[Kick] Right,[Kick 2] Left,[Kick] Open,[Kick] Right,[Kick] Right,
,,Bb,34,[Kick] Right,[Kick] Right,[Kick] Right,[Udu] Right Ghostnote,[Kick] Left,[Kick] Right,[Footstomps] Stomp,[Kick] Right,[Kick] Right,[Kick] Kick,[Kick] Kick,[Kick 2] Left,[Kick] Right,[KD Short] Hit,[Kick] Right,[Kick] Right,[Kick] Right,[Kick] Right,[Kick 1] Right,[Kick] Right,[Kick] Right,[Kick] Right,
,,A,33,[Snare] Left,[Snare] Left,[Snare] Left,[Udu] Left Ghostnote,[Snare] Left,[Snare] Left,[Snare] Left,[Snare] Left,[Snare] Left,[Snare] Left,[Snare] Snare,[Snare] Left,[Snare] Left,[Snare] Hit,[Snare] Edge,[Snare] Edge,[Snare] Edge,[Snare] Center,[Snare] Edge,[Snare] Center,[Snare] Center,[Snare] Edge,
,,Ab,32,[Crash B] Crash,[Ride] Punch,[Crash B] Crash,[Bongo 1] Flams,[Crash Ride 2] Punch,[Crash B] Crash,[Ride] Punch,[Crash B] Punch,[Ride] Crash,[Ride] Crash,[Crash 1] Crash,[Cymbal 6] Crash,[Cymbal 3] Crash,[Crash 2] Crash,[Crash B] Crash,[Cymbal 6] *Crash,[Cymbal 3] Crash,[Cymbal 6] Crash,[Cymbal 6] *Crash,[Cymbal 4] Crash,[Cymbal 2] Crash,[Ride] Edge,
,,G,31,[Crash B] Crash,[Ride] Punch,[Crash B] Crash,[Bongo 1] Crescendo,[Splash 3] Crash,[Crash B] Crash,[Splash] Crash,[China 2] Crash,[Ride] Crash,[Ride] Crash,[Crash 1] Crash,[Cymbal 4] Crash,[Cymbal 3] Crash,[Crash 2] Crash,[Crash B] Crash,[Cymbal 5] Crash,[Cymbal 3] Crash,[Cymbal 5] Crash,[Cymbal 4] *Crash,[Cymbal 4] Crash,[Cymbal 2] Crash,[Crash B] Crash,
,,F#,30,[Crash B] Crash,[Ride] Punch,[Crash B] Crash,[Bongo 1] Right Heel,[Splash 2] Crash,[Crash B] Crash,[Splash] Crash,[China 2] Crash,[Ride] Crash,[Ride] Crash,[Crash 1] Crash,[Cymbal 3] Crash,[Cymbal 2] Crash,[Crash 2] Crash,[Crash B] Crash,[Cymbal 4] Crash,[Cymbal 2] Crash,[Cymbal 4] Crash,[Cymbal 3] Crash,[Cymbal 3] Crash,[Cymbal 2] Crash,[Crash B] Crash,
,,F,29,[Crash A] Crash,[Ride] Punch,[Crash A] Crash,[Bongo 1] Left Heel,[Spock] Crash,[Crash A] Crash,[China/CRide] Crash,[China 2] Crash,[Crash] Crash,[Crash] Crash,[Crash 1] Crash,[Spock] Crash,[Cymbal 2] Crash,[Crash 1] Crash,[Crash A] Crash,[Cymbal 3] Crash,[Cymbal 2] Crash,[Cymbal 3] Crash,[Spock] *Crash,[Cymbal 2] Crash,[Cymbal 1] Crash,[Crash A] Crash,
,,E,28,[Crash A] Crash,[Ride] Punch,[Crash A] Crash,[Bongo 1] Right Open,[Crash Ride 1] Punch,[Crash A] Crash,[Ride] Punch,[Crash A] Crash,[Crash] Crash,[Crash] Crash,[Crash 1] Crash,[Cymbal 1] Crash,[Cymbal 1] Crash,[Crash 1] Crash,[Crash A] Crash,[Cymbal 2] Crash,[Cymbal 1] Crash,[Cymbal 2] Crash,[Cymbal 1] *Crash,[Cymbal 2] Crash,[Cymbal 1] Crash,[Crash A] Crash,
,,Eb,27,[Crash A] Crash,[Ride] Punch,[Crash A] Crash,[Tambourine] On Beat,[China 2] Crash,[Crash A] Crash,[China/CRide] Crash,[China 1] Crash,[Crash] Crash,[Crash] Crash,[Crash 1] Crash,[China 1] Crash,[Cymbal 1] Crash,[Crash 1] Crash,[Crash A] Crash,[Cymbal 1] Crash,[Cymbal 1] Crash,[Cymbal 1] Crash,[China 1] *Crash,[Cymbal 1] Crash,[Cymbal 1] Crash,[China] *Ride,
[Hats] Open 1,,D,26,[Hats] Open 3,[Hats] Open 3,[Hats] Open 3,[Tambourine] Off Beat,[Hats] Open 3,[Hats] Open 3,[Hats] Open 3,[Hats] Open 3,[Hats] Open 3,[Hats] Open 3,[Hats 3] Hats,[Hats] Open 3,[Hats] Open 3,[Hats 2] MuteGroup,[Hats] Open 3,[Hats] Open 3,[Hats] Open 3,[Hats] Open 3,[Hats] Open 3,[Hats] Open 3,[Hats] Open 3,[Hats] Open 3,
[Hats] Open 2,,C#,25,[Hats] Open 2,[Hats] Open 2,[Hats] Open 2,[Tambourine] Muted Hit,[Hats] Open 2,[Hats] Open 2,[Hats] Open 2,[Hats] Open 2,[Hats] Open 2,[Hats] Open 2,[Hats 3] Hats,[Hats] Open 2,[Hats] Open 2,[Hats 2] MuteGroup,[Hats] Open 2,[Hats] Open 2,[Hats] Open 2,[Hats] Open 2,[Hats] Open 2,[Hats] Open 2,[Hats] Open 2,[Hats] Open 2,
[Hats] Open 3,,C,24,[Hats] Open 1,[Hats] Open 1,[Hats] Open 1,[Tambourine] Crescendo,[Hats] Open 1,[Hats] Open 1,[Hats] Open 1,[Hats] Open 1,[Hats] Open 1,[Hats] Open 1,[Hats 3] Hats,[Hats] Open 1,[Hats] Open 1,[Hats 3] MuteGroup,[Hats] Open 1,[Hats] Open 1,[Hats] Open 1,[Hats] Open 1,[Hats] Open 1,[Hats] Open 1,[Hats] Open 1,[Hats] Open 1,
[Hats] Foot Splash,,B,23,[Hats] Open Pedal,[Hats] Open Pedal,[Hats] Open Pedal,[Timbale 2] SideStrokes,[Hats] Open Pedal,[Hats] Open Pedal,[Hats] Open Pedal,[Hats] Open Pedal,[Hats] Open Pedal,[Hats] Open Pedal,[Hats 1] Hats,[Hats] Open Pedal,[Hats] Open Pedal,[Hats 3] MuteGroup,[Hats] Open Pedal,[Hats] Open Pedal,[Hats] Open Pedal,[Hats] Open Pedal,[Hats] Open Pedal,[Hats] Open Pedal,[Hats] Closed Pedal,[Hats] Open Pedal,
[Hats] Closed,,Bb,22,[Hats] Closed,[Hats] Closed,[Hats] Closed,[Timbale 2] Flams,[Hats] Closed,[Hats] Closed,[Hats] Closed,[Hats] Closed,[Hats] Closed,[Hats] Closed,[Hats 1] Hats,[Hats] Closed,[Hats] Closed,[Hats 1] MuteGroup,[Hats] Closed Edge,[Hats] Closed Edge,[Hats] Closed Edge,[Hats] Closed Edge,[Hats] Closed Edge,[Hats] Closed,[Hats] Closed Edge,[Hats] Closed Edge,
[Hats] Pedal,,A,21,[Hats] Closed Pedal,[Hats] Closed Pedal,[Hats] Closed Pedal,[Timbale 2] Right OpenTone,[Hats] Closed Pedal,[Hats] Closed Pedal,[Hats] Closed Pedal,[Hats] Closed Pedal,[Hats] Closed Pedal,[Hats] Closed Pedal,[Hats 2] Hats,[Hats] Closed Pedal,[Hats] Closed Pedal,[Hats 1] MuteGroup,[Hats] Closed Pedal,[Hats] Closed Pedal,[Hats] Closed Pedal,[Hats] Closed Pedal,[Hats] Closed Pedal,[Hats] Closed Pedal,[Hats] Closed Pedal,[Hats] Closed Pedal,
,,Ab,20,[Hats] hatsTipTrig,[Hats] hatsTrig,[Hats] hatsBellTrig,[Timbale 2] RimShot,[Hats] hatsTrig,[Hats] hatsBellTrig,[XHats] Closed,[Hats] hatsTipTrig,[Hats] hatsBellTrig,[Hats] hatsBellTrig,[Hats 4] Hats,[Hats] hatsTipTrig,[Hats] hatsTipTrig,[Hats 2] MuteGroup,[Hats] hatsBellTrig,[Hats] hatsBellTrig,[Hats] hatsBellTrig,[Hats] hatsTipTrig,[Hats] hatsBellTrig,[Hats] hatsBellTrig,[Hats] hatsTipTrig,[Hats] hatsBellTrig,
,,G,19,[Hats] hatsTipTrig,[Hats] hatsTrig,[Hats] hatsTipTrig,[Timbale 1] Right OpenTone,[Hats] hatsTrig,[Hats] hatsTipTrig,[DKHats] Closed,[Hats] hatsTipTrig,[Hats] hatsTipTrig,[Hats] hatsTipTrig,[Hats 4] Hats,[Hats] hatsTipTrig,[Hats] hatsTipTrig,[Hats 2] MuteGroup,[Hats] hatsTipTrig,[Hats] hatsTipTrig,[Hats] hatsTipTrig,[Hats] hatsTipTrig,[Hats] hatsTipTrig,[Hats] hatsTipTrig,[Hats] hatsTipTrig,[Hats] hatsTipTrig,
,,F#,18,[Hats] hatsTrig,[Hats] hatsTrig,[Hats] hatsTrig,[Timbale 1] RimShot,[Hats] hatsTrig,[Hats] hatsTrig,[Hats] hatsTrig,[Hats] hatsTrig,[Hats] hatsTrig,[Hats] hatsTrig,[Hats 4] Hats,[Hats] hatsTrig,[Hats] hatsTrig,[Hats 2] MuteGroup,[Hats] hatsTrig,[Hats] hatsTrig,[Hats] hatsTrig,[Hats] hatsTrig,[Hats] hatsTrig,[Hats] hatsTrig,[Hats] hatsTrig,[Hats] hatsTrig,
,,F,17,[Hats] Open 3,[Hats] Open 3,[Hats] Open 4,[Timbale 1] SideStrokes,[Hats] Open 4,[Hats] Open 4,[Hats] Open 4,[Hats] Open 4,[Hats] Open 4,[Hats] Open 4,[Hats 4] Hats,[Hats] Open 3,[Hats] Open 5,[Hats 2] MuteGroup,[Hats] Open 5,[Hats] Open 5,[Hats] Open 4,[Hats] Open 4,[Hats] Open 5,[Hats] Open 3,[Hats] Open Tip 4,[Hats] Open 4,
,,E,16,[Hats] Open 3,[Hats] Open 3,[Hats] Open 4,[Timbale 1] Flams,[Hats] Open 4,[Hats] Open 4,[Hats] Open 4,[Hats] Open 4,[Hats] Open 4,[Hats] Open 4,[Hats 4] Hats,[Hats] Open 3,[Hats] Open 4,[Hats 2] MuteGroup,[Hats] Open 4,[Hats] Open 5,[Hats] Open Tip 5,[Hats] Open Tip 5,[Hats] Open 4,[Hats] Open 3,[Hats] Open Tip 4,[Hats] Open 4,
,,Eb,15,[Hats] Open 2,[Hats] Open 2,[Hats] Open 3,[Timbale 1] Ruff,[Hats] Open 3,[Hats] Open 3,[Hats] Open 3,[Hats] Open 3,[Hats] Open 3,[Hats] Open 3,[Hats 3] Hats,[Hats] Open 2,[Hats] Open 3,[Hats 2] MuteGroup,[Hats] Open 3,[Hats] Open 4,[Hats] Open Tip 4,[Hats] Open Tip 4,[Hats] Open 3,[Hats] Open 2,[Hats] Open Tip 3,[Hats] Open 3,
,,D,14,[Hats] Open 2,[Hats] Open 2,[Hats] Open 3,[Cajon] Right Sidestick,[Hats] Open 3,[Hats] Open 3,[Hats] Open 3,[Hats] Open 3,[Hats] Open 3,[Hats] Open 3,[Hats 3] Hats,[Hats] Open 2,[Hats] Open 2,[Hats 2] MuteGroup,[Hats] Open 2,[Hats] Open 3,[Hats] Open Tip 3,[Hats] Open Tip 3,[Hats] Open 2,[Hats] Open 2,[Hats] Open Tip 3,[Hats] Open 3,
,,C#,13,[Hats] Open 1,[Hats] Open 1,[Hats] Open 2,[Cajon] Left Sidestick,[Hats] Open 2,[Hats] Open 2,[Hats] Open 2,[Hats] Open 2,[Hats] Open 2,[Hats] Open 2,[Hats 3] Hats,[Hats] Open 1,[Hats] Open 1,[Hats 2] MuteGroup,[Hats] Open 1,[Hats] Open 2,[Hats] Open Tip 2,[Hats] Open Tip 2,[Hats] Open 1,[Hats] Open 1,[Hats] Open Tip 2,[Hats] Open 2,
,,C,12,[Hats] Open 1,[Hats] Open 1,[Hats] Open 1,[Cajon] Right GhostStroke,[Hats] Open 1,[Hats] Open 1,[Hats] Open 1,[Hats] Open 1,[Hats] Open 1,[Hats] Open 1,[Hats 3] Hats,[Hats] Open 1,[Hats] Open 0,[Hats 2] MuteGroup,[Hats] Open 0,[Hats] Open 1,[Hats] Open Tip 1,[Hats] Open Tip 1,[Hats] Open 0,[Hats] Open 1,[Hats] Open Tip 1,[Hats] Open 1,
,,B,11,[Hats] Closed,[Hats] Closed,[Hats] Closed,[Cajon] Left GhostStroke,[Hats] Closed,[Hats] Closed,[Hats] Closed,[Hats] Closed,[Hats] Closed,[Hats] Closed,[Hats 1] Hats,[Hats] Closed Tip,[Hats] Closed Tip,[Hats 1] MuteGroup,[Hats] Closed Tip,[Hats] Closed Edge,[Hats] Closed Tip,[Hats] Closed Tip,[Hats] Closed Edge,[Hats] Closed,[Hats] Closed Tip,[Hats] Closed Tip,
,,Bb,10,[Hats] Closed Pedal,[Hats] Closed Pedal,[Hats] Closed Pedal,[Cajon] Right Basstone,[Hats] Closed Pedal,[Hats] Closed Pedal,[Hats] Closed Pedal,[Hats] Closed Pedal,[Hats] Closed Pedal,[Hats] Closed Pedal,[Hats 2] Hats,[Hats] Closed Pedal,[Hats] Closed Pedal,[Hats 3] MuteGroup,[Hats] Closed Pedal,[Hats] Closed Pedal,[Hats] Closed Pedal,[Hats] Closed Pedal,[Hats] Closed Pedal,[Hats] Closed Pedal,[Hats] Closed Pedal,[Hats] Closed Pedal,
,,A,9,[Hats] hatsTipTrig,[Hats] hatsTrig,[Hats] hatsBellTrig,[Caxixi] Beat,[Hats] hatsTrig,[Hats] hatsBellTrig,[Hats] hatsTipTrig,[Hats] hatsTrig,[Hats] hatsBellTrig,[Hats] hatsBellTrig,[Hats 4] Hats,[Hats] hatsTipTrig,[Hats] hatsTipTrig,[Hats 2] MuteGroup,[Hats] hatsBellTrig,[Hats] hatsBellTrig,[Hats] hatsBellTrig,[Hats] hatsTipTrig,[Hats] hatsBellTrig,[Hats] hatsBellTrig,[Hats] hatsTipTrig,[Hats] hatsBellTrig,
,,Ab,8,[Hats] hatsTipTrig,[Hats] hatsTrig,[Hats] hatsTipTrig,[Caxixi] FX,[Hats] hatsTrig,[Hats] hatsTipTrig,[Hats] hatsTipTrig,,[Hats] hatsTipTrig,[Hats] hatsTipTrig,[Hats 4] Hats,[Hats] hatsTipTrig,[Hats] hatsTipTrig,[Hats 2] MuteGroup,[Hats] hatsTipTrig,[Hats] hatsTipTrig,[Hats] hatsTipTrig,[Hats] hatsTipTrig,[Hats] hatsTipTrig,[Hats] hatsTipTrig,[Hats] hatsTipTrig,[Hats] hatsTipTrig,
,,G,7,[Hats] hatsTrig,[Hats] hatsTrig,[Hats] hatsTrig,[Caxixi] On Beat,[Hats] hatsTrig,[Hats] hatsTrig,[Hats] hatsTrig,[Hats] hatsTrig,[Hats] hatsTrig,[Hats] hatsTrig,[Hats 4] Hats,[Hats] hatsTrig,[Hats] hatsTrig,[Hats 2] MuteGroup,[Hats] hatsTrig,[Hats] hatsTrig,[Hats] hatsTrig,[Hats] hatsTrig,[Hats] hatsTrig,[Hats] hatsTrig,[Hats] hatsTrig,[Hats] hatsTrig,
,,F#,6,[Snare] Right,[Snare] Right,[Snare] Right,[Caxixi] Off Beat,[Snare] Right,[Snare] Right,[Snare] Right,[Snare] Right,[Snare] Right,[Snare] Right,[Snare] Snare,[Snare] Right,[Snare] Right,[Snare] Hit,[Snare] snareTrig,[Snare] snareTrig,[Snare] snareTrig,[Snare] Center,[Snare] snareTrig,[Snare] Center,[Snare] Center,[Snare] snareTrig,
,,F,5,[Floortom 1] Right,[Snare2] Right,[Floortom] Right,[Maracas] Shakings,[Floortom 2] Right,[Floortom 1] Right,[Floortom 2] Right,[Tom 5] Right,[Floortom] Right,[Tom3] Right,[Tom 1] Tom,[Floortom 2] Right,[Floortom] Left,[Tom 3] Low,[Floortom] Left,[Floortom 2] Center,[Floortom 2] Center,[Floortom 2] Center,[Floortom 2] Center,[Floortom 1] Center,[Floortom] Center,[Floortom] Center,
,,E,4,[Floortom 1] Right,[Snare2] Right,[Floortom] Right,[Maracas] On Beat,[Floortom 1] Right,[Floortom 1] Right,[Floortom 1] Right,[Tom 4] Right,[Floortom] Right,[Tom3] Right,[Tom 2] Tom,[Floortom 1] Right,[Floortom] Left,[Tom 3] Low,[Floortom] Right,[Floortom 1] Center,[Floortom 1] Center,[Floortom 1] Center,[Floortom 1] Center,[Floortom 1] Center,[Floortom] Center,[Floortom] Center,
,,Eb,3,[Racktom 2] Right,[Snare2] Right,[Racktom] Right,[Maracas] Off Beat,[Racktom 3] Right,[Racktom 2] Right,[Racktom 2] Right,[Tom 3] Right,[Racktom 2] Right,[Tom2] Right,[Tom 3] Tom,[Racktom 3] Right,[Racktom 3] Left,[Tom 2] Mid,[Racktom] Left,[Racktom 3] Center,[Floortom 1] Center,[Floortom 1] Center,[Racktom 3] *Center,[Racktom 3] Center,[Racktom 2] Center,[Racktom 2] Center,
,,D,2,[Racktom 2] Right,[Tom] Right,[Racktom] Right,,[Racktom 2] Right,[Racktom 2] Right,[Racktom 2] Right,[Tom 2] Right,[Racktom 2] Right,[Tom2] Right,[Tom 3] Tom,[Racktom 2] Right,[Racktom 2] Left,[Tom 2] Mid,[Racktom] Right,[Racktom 2] Center,[Racktom 1] Center,[Racktom 1] Center,[Racktom 2] Center,[Racktom 2] Center,[Racktom 2] Center,[Racktom 2] Center,
,,C#,1,[Racktom 1] Right,[Tom] Right,[Racktom] Right,,[Racktom 1] Right,[Racktom 1] Right,[Racktom 1] Right,[Tom 1] Right,[Racktom 1] Right,[Tom1] Right,[Tom 4] Tom,[Racktom 1] Right,[Racktom 1] Left,[Tom 1] Hi,[Racktom] Right,[Racktom 1] Center,[Racktom 1] Center,[Racktom 1] Center,[Racktom 1] Center,[Racktom 1] Center,[Racktom 1] Center,[Racktom 1] Center,
,,C,0,[Ride] Ride,[Ride] Ride,,,,,,,,,,,,,,[Ride 3] Ride,,,,,,,